url,,,,,,,,,name,
https://www.redlobster.com/images/default-source/Headers/detailpageimage_lobsterroll_333x227.jpg,https:,,www.redlobster.com,images,default-source,Headers,detailpageimage_lobsterroll_333x227.jpg,,detailpageimage_lobsterroll_333x227.jpg,
https://www.redlobster.com/images/default-source/Headers/homemade-berry-shortcake_8in.jpg,https:,,www.redlobster.com,images,default-source,Headers,homemade-berry-shortcake_8in.jpg,,homemade-berry-shortcake_8in.jpg,
https://www.redlobster.com/images/default-source/Headers/image-3-(1).jpg,https:,,www.redlobster.com,images,default-source,Headers,image-3-(1).jpg,,image-3-(1).jpg,
https://www.redlobster.com/images/default-source/Headers/image-3.jpg,https:,,www.redlobster.com,images,default-source,Headers,image-3.jpg,,image-3.jpg,
https://www.redlobster.com/images/default-source/Headers/lll1.png,https:,,www.redlobster.com,images,default-source,Headers,lll1.png,,lll1.png,
https://www.redlobster.com/images/default-source/Headers/lobster-lovers-dream.jpeg,https:,,www.redlobster.com,images,default-source,Headers,lobster-lovers-dream.jpeg,,lobster-lovers-dream.jpeg,
https://www.redlobster.com/images/default-source/Headers/lobsterroll_fries-amp-potatosoup_press.jpg,https:,,www.redlobster.com,images,default-source,Headers,lobsterroll_fries-amp-potatosoup_press.jpg,,lobsterroll_fries-amp-potatosoup_press.jpg,
https://www.redlobster.com/images/default-source/Headers/lunch-item-detail-page-header_1800x614.jpg,https:,,www.redlobster.com,images,default-source,Headers,lunch-item-detail-page-header_1800x614.jpg,,lunch-item-detail-page-header_1800x614.jpg,
https://www.redlobster.com/images/default-source/images/events/big-festival-of-shrimp/big-festival-of-shrimp-image-1.jpg,https:,,www.redlobster.com,images,default-source,images,events,big-festival-of-shrimp,big-festival-of-shrimp-image-1.jpg,
https://www.redlobster.com/images/default-source/images/events/big-festival-of-shrimp/big-festival-of-shrimp-image-2.jpg,https:,,www.redlobster.com,images,default-source,images,events,big-festival-of-shrimp,big-festival-of-shrimp-image-2.jpg,
https://www.redlobster.com/images/default-source/images/events/big-festival-of-shrimp/big-festival-of-shrimp-teaser.png,https:,,www.redlobster.com,images,default-source,images,events,big-festival-of-shrimp,big-festival-of-shrimp-teaser.png,
https://www.redlobster.com/images/default-source/images/events/crabfest/ribbon-ca.png,https:,,www.redlobster.com,images,default-source,images,events,crabfest,ribbon-ca.png,
https://www.redlobster.com/images/default-source/images/events/crabfest/ribbon-es.png,https:,,www.redlobster.com,images,default-source,images,events,crabfest,ribbon-es.png,
https://www.redlobster.com/images/default-source/images/events/crabfest/ribbon-us.png,https:,,www.redlobster.com,images,default-source,images,events,crabfest,ribbon-us.png,
https://www.redlobster.com/images/default-source/images/events/militarymonday/militarymonday_plate.png,https:,,www.redlobster.com,images,default-source,images,events,militarymonday,militarymonday_plate.png,
https://www.redlobster.com/images/default-source/images/events/summerfest/bg.jpg,https:,,www.redlobster.com,images,default-source,images,events,summerfest,bg.jpg,
https://www.redlobster.com/images/default-source/images/gift-cards/rl_mobile_giftcard02.png,https:,,www.redlobster.com,images,default-source,images,gift-cards,rl_mobile_giftcard02.png,rl_mobile_giftcard02.png,
https://www.redlobster.com/images/default-source/images/headers/rl_desktop_cares-1.jpg,https:,,www.redlobster.com,images,default-source,images,headers,rl_desktop_cares-1.jpg,rl_desktop_cares-1.jpg,
https://www.redlobster.com/images/default-source/images/headers/rl_desktop_logo_evolution.jpg,https:,,www.redlobster.com,images,default-source,images,headers,rl_desktop_logo_evolution.jpg,rl_desktop_logo_evolution.jpg,
https://www.redlobster.com/images/default-source/images/headers/rl_desktop_sws_seafoodwstandards-modefd79ec52fd36f18be94ff4100d9e22d.jpg,https:,,www.redlobster.com,images,default-source,images,headers,rl_desktop_sws_seafoodwstandards-modefd79ec52fd36f18be94ff4100d9e22d.jpg,rl_desktop_sws_seafoodwstandards-modefd79ec52fd36f18be94ff4100d9e22d.jpg,
https://www.redlobster.com/images/default-source/images/logos/le_1968.jpg,https:,,www.redlobster.com,images,default-source,images,logos,le_1968.jpg,le_1968.jpg,
https://www.redlobster.com/images/default-source/images/logos/le_1969.jpg,https:,,www.redlobster.com,images,default-source,images,logos,le_1969.jpg,le_1969.jpg,
https://www.redlobster.com/images/default-source/images/logos/le_1974.jpg,https:,,www.redlobster.com,images,default-source,images,logos,le_1974.jpg,le_1974.jpg,
https://www.redlobster.com/images/default-source/images/logos/le_1983.jpg,https:,,www.redlobster.com,images,default-source,images,logos,le_1983.jpg,le_1983.jpg,
https://www.redlobster.com/images/default-source/images/logos/le_1985.jpg,https:,,www.redlobster.com,images,default-source,images,logos,le_1985.jpg,le_1985.jpg,
https://www.redlobster.com/images/default-source/images/logos/le_1986.jpg,https:,,www.redlobster.com,images,default-source,images,logos,le_1986.jpg,le_1986.jpg,
https://www.redlobster.com/images/default-source/images/logos/le_1995.jpg,https:,,www.redlobster.com,images,default-source,images,logos,le_1995.jpg,le_1995.jpg,
https://www.redlobster.com/images/default-source/images/logos/le_2004.jpg,https:,,www.redlobster.com,images,default-source,images,logos,le_2004.jpg,le_2004.jpg,
https://www.redlobster.com/images/default-source/images/logos/le_2009.jpg,https:,,www.redlobster.com,images,default-source,images,logos,le_2009.jpg,le_2009.jpg,
https://www.redlobster.com/images/default-source/images/menu-items/imagecomingsoon.jpg,https:,,www.redlobster.com,images,default-source,images,menu-items,imagecomingsoon.jpg,imagecomingsoon.jpg,
https://www.redlobster.com/images/default-source/images/menu-items/kids/kids_broiled_fish.jpg,https:,,www.redlobster.com,images,default-source,images,menu-items,kids,kids_broiled_fish.jpg,
https://www.redlobster.com/images/default-source/images/menu-items/kids/kids_chicken_fingers_ketchup.jpg,https:,,www.redlobster.com,images,default-source,images,menu-items,kids,kids_chicken_fingers_ketchup.jpg,
https://www.redlobster.com/images/default-source/images/menu-items/kids/kids_garlic_grilled_shrimp.jpg,https:,,www.redlobster.com,images,default-source,images,menu-items,kids,kids_garlic_grilled_shrimp.jpg,
https://www.redlobster.com/images/default-source/images/menu-items/kids/kids_macaroni_and_cheese.jpg,https:,,www.redlobster.com,images,default-source,images,menu-items,kids,kids_macaroni_and_cheese.jpg,
https://www.redlobster.com/images/default-source/images/menu-items/kids/kids_popcorn_shrimp.jpg,https:,,www.redlobster.com,images,default-source,images,menu-items,kids,kids_popcorn_shrimp.jpg,
https://www.redlobster.com/images/default-source/images/menu-items/kids/kids_snow_crab.jpg,https:,,www.redlobster.com,images,default-source,images,menu-items,kids,kids_snow_crab.jpg,
https://www.redlobster.com/images/default-source/images/menu-items/lighter-fare/lighter_fare_peppercorn_sirloin_and_shrimp_us.jpg,https:,,www.redlobster.com,images,default-source,images,menu-items,lighter-fare,lighter_fare_peppercorn_sirloin_and_shrimp_us.jpg,
https://www.redlobster.com/images/default-source/images/menu-items/lighter-fare/m_mapleglazedchicken_1625.jpg,https:,,www.redlobster.com,images,default-source,images,menu-items,lighter-fare,m_mapleglazedchicken_1625.jpg,
https://www.redlobster.com/images/default-source/images/menu-items/lunch-dinner/1800x614_snowcrablegs.jpg,https:,,www.redlobster.com,images,default-source,images,menu-items,lunch-dinner,1800x614_snowcrablegs.jpg,
https://www.redlobster.com/images/default-source/images/menu-items/lunch-dinner/4coursefeast.jpg,https:,,www.redlobster.com,images,default-source,images,menu-items,lunch-dinner,4coursefeast.jpg,
https://www.redlobster.com/images/default-source/images/menu-items/lunch-dinner/admirals_feast.jpg,https:,,www.redlobster.com,images,default-source,images,menu-items,lunch-dinner,admirals_feast.jpg,
https://www.redlobster.com/images/default-source/images/menu-items/lunch-dinner/bar_harbor_lobster_bake.jpg,https:,,www.redlobster.com,images,default-source,images,menu-items,lunch-dinner,bar_harbor_lobster_bake.jpg,
https://www.redlobster.com/images/default-source/images/menu-items/lunch-dinner/cajun_chicken_linguine_alfredo.jpg,https:,,www.redlobster.com,images,default-source,images,menu-items,lunch-dinner,cajun_chicken_linguine_alfredo.jpg,
https://www.redlobster.com/images/default-source/images/menu-items/lunch-dinner/catfish.jpg,https:,,www.redlobster.com,images,default-source,images,menu-items,lunch-dinner,catfish.jpg,
https://www.redlobster.com/images/default-source/images/menu-items/lunch-dinner/center_cut_ny_strip_steak.jpg,https:,,www.redlobster.com,images,default-source,images,menu-items,lunch-dinner,center_cut_ny_strip_steak.jpg,
https://www.redlobster.com/images/default-source/images/menu-items/lunch-dinner/chicken_wings.jpg,https:,,www.redlobster.com,images,default-source,images,menu-items,lunch-dinner,chicken_wings.jpg,
https://www.redlobster.com/images/default-source/images/menu-items/lunch-dinner/classic-caesar-salad.jpg,https:,,www.redlobster.com,images,default-source,images,menu-items,lunch-dinner,classic-caesar-salad.jpg,
https://www.redlobster.com/images/default-source/images/menu-items/lunch-dinner/coastal_soup_and_salad.jpg,https:,,www.redlobster.com,images,default-source,images,menu-items,lunch-dinner,coastal_soup_and_salad.jpg,
https://www.redlobster.com/images/default-source/images/menu-items/lunch-dinner/crab_linguini_alfredo.jpg,https:,,www.redlobster.com,images,default-source,images,menu-items,lunch-dinner,crab_linguini_alfredo.jpg,
https://www.redlobster.com/images/default-source/images/menu-items/lunch-dinner/crablegs_1800x614_core.jpg,https:,,www.redlobster.com,images,default-source,images,menu-items,lunch-dinner,crablegs_1800x614_core.jpg,
https://www.redlobster.com/images/default-source/images/menu-items/lunch-dinner/creamy-potato-bacon-soup.jpg,https:,,www.redlobster.com,images,default-source,images,menu-items,lunch-dinner,creamy-potato-bacon-soup.jpg,
https://www.redlobster.com/images/default-source/images/menu-items/lunch-dinner/crispy-calamari-and-vegetables-us.jpg,https:,,www.redlobster.com,images,default-source,images,menu-items,lunch-dinner,crispy-calamari-and-vegetables-us.jpg,
https://www.redlobster.com/images/default-source/images/menu-items/lunch-dinner/crispy-shrimp-lettuce-wrap.jpg,https:,,www.redlobster.com,images,default-source,images,menu-items,lunch-dinner,crispy-shrimp-lettuce-wrap.jpg,
https://www.redlobster.com/images/default-source/images/menu-items/lunch-dinner/crunch_fried_fish_scampi.jpg,https:,,www.redlobster.com,images,default-source,images,menu-items,lunch-dinner,crunch_fried_fish_scampi.jpg,
https://www.redlobster.com/images/default-source/images/menu-items/lunch-dinner/crunch-fried_fish_sandwich.jpg,https:,,www.redlobster.com,images,default-source,images,menu-items,lunch-dinner,crunch-fried_fish_sandwich.jpg,
https://www.redlobster.com/images/default-source/images/menu-items/lunch-dinner/crunchy_popcorn_shrimp.jpg,https:,,www.redlobster.com,images,default-source,images,menu-items,lunch-dinner,crunchy_popcorn_shrimp.jpg,
https://www.redlobster.com/images/default-source/images/menu-items/lunch-dinner/cup-of-soup-and-salad.jpg,https:,,www.redlobster.com,images,default-source,images,menu-items,lunch-dinner,cup-of-soup-and-salad.jpg,
https://www.redlobster.com/images/default-source/images/menu-items/lunch-dinner/fried_oyster.jpg,https:,,www.redlobster.com,images,default-source,images,menu-items,lunch-dinner,fried_oyster.jpg,
https://www.redlobster.com/images/default-source/images/menu-items/lunch-dinner/garlic_shrimp_scampi.jpg,https:,,www.redlobster.com,images,default-source,images,menu-items,lunch-dinner,garlic_shrimp_scampi.jpg,
https://www.redlobster.com/images/default-source/images/menu-items/lunch-dinner/grilledchicken_kidsentree_must_265_r2.jpg,https:,,www.redlobster.com,images,default-source,images,menu-items,lunch-dinner,grilledchicken_kidsentree_must_265_r2.jpg,
https://www.redlobster.com/images/default-source/images/menu-items/lunch-dinner/hand_breaded_shrimp.jpg,https:,,www.redlobster.com,images,default-source,images,menu-items,lunch-dinner,hand_breaded_shrimp.jpg,
https://www.redlobster.com/images/default-source/images/menu-items/lunch-dinner/hand-battered-fish-and-chips.jpg,https:,,www.redlobster.com,images,default-source,images,menu-items,lunch-dinner,hand-battered-fish-and-chips.jpg,
https://www.redlobster.com/images/default-source/images/menu-items/lunch-dinner/jumbo_coconut_shrimp.jpg,https:,,www.redlobster.com,images,default-source,images,menu-items,lunch-dinner,jumbo_coconut_shrimp.jpg,
https://www.redlobster.com/images/default-source/images/menu-items/lunch-dinner/live_maine_lobster.jpg,https:,,www.redlobster.com,images,default-source,images,menu-items,lunch-dinner,live_maine_lobster.jpg,
https://www.redlobster.com/images/default-source/images/menu-items/lunch-dinner/lobster_bisque8b7999c52fd36f18be94ff0000d9e22d.jpg,https:,,www.redlobster.com,images,default-source,images,menu-items,lunch-dinner,lobster_bisque8b7999c52fd36f18be94ff0000d9e22d.jpg,
https://www.redlobster.com/images/default-source/images/menu-items/lunch-dinner/lobster_pizza_usa.jpg,https:,,www.redlobster.com,images,default-source,images,menu-items,lunch-dinner,lobster_pizza_usa.jpg,
https://www.redlobster.com/images/default-source/images/menu-items/lunch-dinner/lobster_tacos.jpg,https:,,www.redlobster.com,images,default-source,images,menu-items,lunch-dinner,lobster_tacos.jpg,
https://www.redlobster.com/images/default-source/images/menu-items/lunch-dinner/lobster-artichoke-dip.jpg,https:,,www.redlobster.com,images,default-source,images,menu-items,lunch-dinner,lobster-artichoke-dip.jpg,
https://www.redlobster.com/images/default-source/images/menu-items/lunch-dinner/lobster-crab-and-seafood-stuffed-mushroom.jpg,https:,,www.redlobster.com,images,default-source,images,menu-items,lunch-dinner,lobster-crab-and-seafood-stuffed-mushroom.jpg,
https://www.redlobster.com/images/default-source/images/menu-items/lunch-dinner/lunch_classic_caesar_salad.jpg,https:,,www.redlobster.com,images,default-source,images,menu-items,lunch-dinner,lunch_classic_caesar_salad.jpg,
https://www.redlobster.com/images/default-source/images/menu-items/lunch-dinner/lunch_tacos.jpg,https:,,www.redlobster.com,images,default-source,images,menu-items,lunch-dinner,lunch_tacos.jpg,
https://www.redlobster.com/images/default-source/images/menu-items/lunch-dinner/m_lh_garlicgrilledshrimp.jpg,https:,,www.redlobster.com,images,default-source,images,menu-items,lunch-dinner,m_lh_garlicgrilledshrimp.jpg,
https://www.redlobster.com/images/default-source/images/menu-items/lunch-dinner/m_mapleglazedchicken_1625.jpg,https:,,www.redlobster.com,images,default-source,images,menu-items,lunch-dinner,m_mapleglazedchicken_1625.jpg,
https://www.redlobster.com/images/default-source/images/menu-items/lunch-dinner/m_woodgrilled_lobsteshrimpsalmon_us.jpg,https:,,www.redlobster.com,images,default-source,images,menu-items,lunch-dinner,m_woodgrilled_lobsteshrimpsalmon_us.jpg,
https://www.redlobster.com/images/default-source/images/menu-items/lunch-dinner/m_woodgrilledcheeseburger_cheese_073.jpg,https:,,www.redlobster.com,images,default-source,images,menu-items,lunch-dinner,m_woodgrilledcheeseburger_cheese_073.jpg,
https://www.redlobster.com/images/default-source/images/menu-items/lunch-dinner/manhattan-chowder.jpg,https:,,www.redlobster.com,images,default-source,images,menu-items,lunch-dinner,manhattan-chowder.jpg,
https://www.redlobster.com/images/default-source/images/menu-items/lunch-dinner/maple_glazed_chicken.jpg,https:,,www.redlobster.com,images,default-source,images,menu-items,lunch-dinner,maple_glazed_chicken.jpg,
https://www.redlobster.com/images/default-source/images/menu-items/lunch-dinner/maple-glazed-chicken-lunch-us.jpg,https:,,www.redlobster.com,images,default-source,images,menu-items,lunch-dinner,maple-glazed-chicken-lunch-us.jpg,
https://www.redlobster.com/images/default-source/images/menu-items/lunch-dinner/mozzarella_sticks_crave.jpg,https:,,www.redlobster.com,images,default-source,images,menu-items,lunch-dinner,mozzarella_sticks_crave.jpg,
https://www.redlobster.com/images/default-source/images/menu-items/lunch-dinner/mussels.jpg,https:,,www.redlobster.com,images,default-source,images,menu-items,lunch-dinner,mussels.jpg,
https://www.redlobster.com/images/default-source/images/menu-items/lunch-dinner/new-england-clam-chowder.jpg,https:,,www.redlobster.com,images,default-source,images,menu-items,lunch-dinner,new-england-clam-chowder.jpg,
https://www.redlobster.com/images/default-source/images/menu-items/lunch-dinner/ny_strip_and_lobster_tail.jpg,https:,,www.redlobster.com,images,default-source,images,menu-items,lunch-dinner,ny_strip_and_lobster_tail.jpg,
https://www.redlobster.com/images/default-source/images/menu-items/lunch-dinner/parmesan_crusted_tilapia.jpg,https:,,www.redlobster.com,images,default-source,images,menu-items,lunch-dinner,parmesan_crusted_tilapia.jpg,
https://www.redlobster.com/images/default-source/images/menu-items/lunch-dinner/parrot-isle-jumbo-coconut-shrimp.jpg,https:,,www.redlobster.com,images,default-source,images,menu-items,lunch-dinner,parrot-isle-jumbo-coconut-shrimp.jpg,
https://www.redlobster.com/images/default-source/images/menu-items/lunch-dinner/roastedmainelobsterbake_grabs_088_r2.jpg,https:,,www.redlobster.com,images,default-source,images,menu-items,lunch-dinner,roastedmainelobsterbake_grabs_088_r2.jpg,
https://www.redlobster.com/images/default-source/images/menu-items/lunch-dinner/rock_lobster_tail_us.jpg,https:,,www.redlobster.com,images,default-source,images,menu-items,lunch-dinner,rock_lobster_tail_us.jpg,
https://www.redlobster.com/images/default-source/images/menu-items/lunch-dinner/sailors-platter.jpg,https:,,www.redlobster.com,images,default-source,images,menu-items,lunch-dinner,sailors-platter.jpg,
https://www.redlobster.com/images/default-source/images/menu-items/lunch-dinner/salmon_new_orleans.jpg,https:,,www.redlobster.com,images,default-source,images,menu-items,lunch-dinner,salmon_new_orleans.jpg,
https://www.redlobster.com/images/default-source/images/menu-items/lunch-dinner/seaside_sampler.jpg,https:,,www.redlobster.com,images,default-source,images,menu-items,lunch-dinner,seaside_sampler.jpg,
https://www.redlobster.com/images/default-source/images/menu-items/lunch-dinner/seaside_shrimp_trio.jpg,https:,,www.redlobster.com,images,default-source,images,menu-items,lunch-dinner,seaside_shrimp_trio.jpg,
https://www.redlobster.com/images/default-source/images/menu-items/lunch-dinner/shrimp_cocktail.jpg,https:,,www.redlobster.com,images,default-source,images,menu-items,lunch-dinner,shrimp_cocktail.jpg,
https://www.redlobster.com/images/default-source/images/menu-items/lunch-dinner/shrimp_liguini_alfredo.jpg,https:,,www.redlobster.com,images,default-source,images,menu-items,lunch-dinner,shrimp_liguini_alfredo.jpg,
https://www.redlobster.com/images/default-source/images/menu-items/lunch-dinner/shrimp_wood_grilled_chicken_usa.jpg,https:,,www.redlobster.com,images,default-source,images,menu-items,lunch-dinner,shrimp_wood_grilled_chicken_usa.jpg,
https://www.redlobster.com/images/default-source/images/menu-items/lunch-dinner/sweet_chili_shrimp.jpg,https:,,www.redlobster.com,images,default-source,images,menu-items,lunch-dinner,sweet_chili_shrimp.jpg,
https://www.redlobster.com/images/default-source/images/menu-items/lunch-dinner/sweet-chili-shrimp.jpg,https:,,www.redlobster.com,images,default-source,images,menu-items,lunch-dinner,sweet-chili-shrimp.jpg,
https://www.redlobster.com/images/default-source/images/menu-items/lunch-dinner/syw_popcornshrimp_friedshrimp_conconutshrimpbitese7a19ac52fd36f18be94ff0000d9e22d.jpg,https:,,www.redlobster.com,images,default-source,images,menu-items,lunch-dinner,syw_popcornshrimp_friedshrimp_conconutshrimpbitese7a19ac52fd36f18be94ff0000d9e22d.jpg,
https://www.redlobster.com/images/default-source/images/menu-items/lunch-dinner/ultimate_feast.jpg,https:,,www.redlobster.com,images,default-source,images,menu-items,lunch-dinner,ultimate_feast.jpg,
https://www.redlobster.com/images/default-source/images/menu-items/lunch-dinner/walleye_dinner.jpg,https:,,www.redlobster.com,images,default-source,images,menu-items,lunch-dinner,walleye_dinner.jpg,
https://www.redlobster.com/images/default-source/images/menu-items/lunch-dinner/walts_favorite_shrimp.jpg,https:,,www.redlobster.com,images,default-source,images,menu-items,lunch-dinner,walts_favorite_shrimp.jpg,
https://www.redlobster.com/images/default-source/images/menu-items/lunch-dinner/wild_flounder_lunch.jpg,https:,,www.redlobster.com,images,default-source,images,menu-items,lunch-dinner,wild_flounder_lunch.jpg,
https://www.redlobster.com/images/default-source/images/menu-items/lunch-dinner/wild-flounder--dinner.jpg,https:,,www.redlobster.com,images,default-source,images,menu-items,lunch-dinner,wild-flounder--dinner.jpg,
https://www.redlobster.com/images/default-source/images/menu-items/lunch-dinner/wild-flounder-lunch.jpg,https:,,www.redlobster.com,images,default-source,images,menu-items,lunch-dinner,wild-flounder-lunch.jpg,
https://www.redlobster.com/images/default-source/images/menu-items/lunch-dinner/wood_grilled_peppercorn_sirloin_and_shrimp.jpg,https:,,www.redlobster.com,images,default-source,images,menu-items,lunch-dinner,wood_grilled_peppercorn_sirloin_and_shrimp.jpg,
https://www.redlobster.com/images/default-source/images/menu-items/lunch-dinner/wood_grilled_peppercorn_sirloin.jpg,https:,,www.redlobster.com,images,default-source,images,menu-items,lunch-dinner,wood_grilled_peppercorn_sirloin.jpg,
https://www.redlobster.com/images/default-source/images/menu-items/lunch-dinner/wood_grilled_salmon_shrimp_linguini_alfredo.jpg,https:,,www.redlobster.com,images,default-source,images,menu-items,lunch-dinner,wood_grilled_salmon_shrimp_linguini_alfredo.jpg,
https://www.redlobster.com/images/default-source/images/menu-items/lunch-dinner/wood_grilled_shrimp_skewers_can.jpg,https:,,www.redlobster.com,images,default-source,images,menu-items,lunch-dinner,wood_grilled_shrimp_skewers_can.jpg,
https://www.redlobster.com/images/default-source/images/menu-items/lunch-dinner/wood_grilled_skewers_shrimp.jpg,https:,,www.redlobster.com,images,default-source,images,menu-items,lunch-dinner,wood_grilled_skewers_shrimp.jpg,
https://www.redlobster.com/images/default-source/images/menu-items/lunch-dinner/woodgrilledchickensandwich_121_r2.jpg,https:,,www.redlobster.com,images,default-source,images,menu-items,lunch-dinner,woodgrilledchickensandwich_121_r2.jpg,
https://www.redlobster.com/images/default-source/images/menu-items/pairings/lobster_artichoke_dip.jpg,https:,,www.redlobster.com,images,default-source,images,menu-items,pairings,lobster_artichoke_dip.jpg,
https://www.redlobster.com/images/default-source/images/menu-items/seafood-stuffed-mushrooms.jpg,https:,,www.redlobster.com,images,default-source,images,menu-items,seafood-stuffed-mushrooms.jpg,seafood-stuffed-mushrooms.jpg,
https://www.redlobster.com/images/default-source/images/misc/team-04.jpg,https:,,www.redlobster.com,images,default-source,images,misc,team-04.jpg,team-04.jpg,
https://www.redlobster.com/images/default-source/images/navigation/dinner.jpg,https:,,www.redlobster.com,images,default-source,images,navigation,dinner.jpg,dinner.jpg,
https://www.redlobster.com/images/default-source/images/navigation/kids.jpg,https:,,www.redlobster.com,images,default-source,images,navigation,kids.jpg,kids.jpg,
https://www.redlobster.com/images/default-source/images/navigation/lighter_fare.jpg,https:,,www.redlobster.com,images,default-source,images,navigation,lighter_fare.jpg,lighter_fare.jpg,
https://www.redlobster.com/images/default-source/images/navigation/lunch.jpg,https:,,www.redlobster.com,images,default-source,images,navigation,lunch.jpg,lunch.jpg,
https://www.redlobster.com/images/default-source/images/navigation/menu-fresh-fish.jpg,https:,,www.redlobster.com,images,default-source,images,navigation,menu-fresh-fish.jpg,menu-fresh-fish.jpg,
https://www.redlobster.com/images/default-source/images/navigation/store-locator-bg.jpg,https:,,www.redlobster.com,images,default-source,images,navigation,store-locator-bg.jpg,store-locator-bg.jpg,
https://www.redlobster.com/images/default-source/images/news-press/alaskan_bairdi_crab_legs.jpg,https:,,www.redlobster.com,images,default-source,images,news-press,alaskan_bairdi_crab_legs.jpg,alaskan_bairdi_crab_legs.jpg,
https://www.redlobster.com/images/default-source/images/news-press/bigger_better_shrimpb2929bc52fd36f18be94ff4100d9e22d.jpg,https:,,www.redlobster.com,images,default-source,images,news-press,bigger_better_shrimpb2929bc52fd36f18be94ff4100d9e22d.jpg,bigger_better_shrimpb2929bc52fd36f18be94ff4100d9e22d.jpg,
https://www.redlobster.com/images/default-source/images/news-press/crab_lovers_dream_promo.jpg,https:,,www.redlobster.com,images,default-source,images,news-press,crab_lovers_dream_promo.jpg,crab_lovers_dream_promo.jpg,
https://www.redlobster.com/images/default-source/images/news-press/grand-seafood-feast.png,https:,,www.redlobster.com,images,default-source,images,news-press,grand-seafood-feast.png,grand-seafood-feast.png,
https://www.redlobster.com/images/default-source/images/news-press/hero_lobsterloversdream_440.jpeg,https:,,www.redlobster.com,images,default-source,images,news-press,hero_lobsterloversdream_440.jpeg,hero_lobsterloversdream_440.jpeg,
https://www.redlobster.com/images/default-source/images/news-press/leadership/salli.png,https:,,www.redlobster.com,images,default-source,images,news-press,leadership,salli.png,
https://www.redlobster.com/images/default-source/images/news-press/leadership/team-01.jpg,https:,,www.redlobster.com,images,default-source,images,news-press,leadership,team-01.jpg,
https://www.redlobster.com/images/default-source/images/news-press/leadership/team-03.jpg,https:,,www.redlobster.com,images,default-source,images,news-press,leadership,team-03.jpg,
https://www.redlobster.com/images/default-source/images/news-press/leadership/team-05.jpg,https:,,www.redlobster.com,images,default-source,images,news-press,leadership,team-05.jpg,
https://www.redlobster.com/images/default-source/images/news-press/leadership/team-06.jpg,https:,,www.redlobster.com,images,default-source,images,news-press,leadership,team-06.jpg,
https://www.redlobster.com/images/default-source/images/news-press/lobster-mix-match.jpeg,https:,,www.redlobster.com,images,default-source,images,news-press,lobster-mix-match.jpeg,lobster-mix-match.jpeg,
https://www.redlobster.com/images/default-source/images/news-press/media-downloads/582x352_korean_shrimp.jpg,https:,,www.redlobster.com,images,default-source,images,news-press,media-downloads,582x352_korean_shrimp.jpg,
https://www.redlobster.com/images/default-source/images/news-press/media-downloads/image-1.jpg,https:,,www.redlobster.com,images,default-source,images,news-press,media-downloads,image-1.jpg,
https://www.redlobster.com/images/default-source/images/news-press/media-downloads/image-2.jpg,https:,,www.redlobster.com,images,default-source,images,news-press,media-downloads,image-2.jpg,
https://www.redlobster.com/images/default-source/images/news-press/media-downloads/md-03.jpg,https:,,www.redlobster.com,images,default-source,images,news-press,media-downloads,md-03.jpg,
https://www.redlobster.com/images/default-source/images/news-press/media-downloads/Teasers/4sweetchilishrimp_crave_582.png,https:,,www.redlobster.com,images,default-source,images,news-press,media-downloads,Teasers,4sweetchilishrimp_crave_582.png
https://www.redlobster.com/images/default-source/images/news-press/media-downloads/Teasers/d_menus_deatil_dish_image_0013_lobster-crab-and-seafood-stuffed_mushroom.jpg,https:,,www.redlobster.com,images,default-source,images,news-press,media-downloads,Teasers,d_menus_deatil_dish_image_0013_lobster-crab-and-seafood-stuffed_mushroom.jpg
https://www.redlobster.com/images/default-source/images/news-press/media-downloads/Teasers/d_menus_deatil_dish_image_0024_sweet_chili_shrimp.jpg,https:,,www.redlobster.com,images,default-source,images,news-press,media-downloads,Teasers,d_menus_deatil_dish_image_0024_sweet_chili_shrimp.jpg
https://www.redlobster.com/images/default-source/images/news-press/media-downloads/Teasers/rl_logo_teaser.png,https:,,www.redlobster.com,images,default-source,images,news-press,media-downloads,Teasers,rl_logo_teaser.png
https://www.redlobster.com/images/default-source/images/news-press/parmesanpeppercornpressrelease.png,https:,,www.redlobster.com,images,default-source,images,news-press,parmesanpeppercornpressrelease.png,parmesanpeppercornpressrelease.png,
https://www.redlobster.com/images/default-source/images/news-press/rl_hsc_news_teaer.jpg,https:,,www.redlobster.com,images,default-source,images,news-press,rl_hsc_news_teaer.jpg,rl_hsc_news_teaer.jpg,
https://www.redlobster.com/images/default-source/images/news-press/srirachashrimppressrelease.png,https:,,www.redlobster.com,images,default-source,images,news-press,srirachashrimppressrelease.png,srirachashrimppressrelease.png,
https://www.redlobster.com/images/default-source/images/news-press/wild-caught-lobster-shrimp-trio.png,https:,,www.redlobster.com,images,default-source,images,news-press,wild-caught-lobster-shrimp-trio.png,wild-caught-lobster-shrimp-trio.png,
https://www.redlobster.com/images/default-source/images/news-press/wood_grilled_shrimp_salmon_lobster.jpg,https:,,www.redlobster.com,images,default-source,images,news-press,wood_grilled_shrimp_salmon_lobster.jpg,wood_grilled_shrimp_salmon_lobster.jpg,
https://www.redlobster.com/images/default-source/images/social-photos/341x341_kid.jpg,https:,,www.redlobster.com,images,default-source,images,social-photos,341x341_kid.jpg,341x341_kid.jpg,
https://www.redlobster.com/images/default-source/images/social-photos/341x341_lobstergirl.jpg,https:,,www.redlobster.com,images,default-source,images,social-photos,341x341_lobstergirl.jpg,341x341_lobstergirl.jpg,
https://www.redlobster.com/images/default-source/images/social-photos/341x341_sillydad.jpg,https:,,www.redlobster.com,images,default-source,images,social-photos,341x341_sillydad.jpg,341x341_sillydad.jpg,
https://www.redlobster.com/images/default-source/images/social-photos/image-1.jpg,https:,,www.redlobster.com,images,default-source,images,social-photos,image-1.jpg,image-1.jpg,
https://www.redlobster.com/images/default-source/images/social-photos/lobsterworthy_341x341.jpg,https:,,www.redlobster.com,images,default-source,images,social-photos,lobsterworthy_341x341.jpg,lobsterworthy_341x341.jpg,
https://www.redlobster.com/images/default-source/images/special-menu/crab-fest/eventmenu_dishes_ultimatefeast_us.jpg,https:,,www.redlobster.com,images,default-source,images,special-menu,crab-fest,eventmenu_dishes_ultimatefeast_us.jpg,
https://www.redlobster.com/images/default-source/images/special-menu/especial-del-almuerzo-langosta-sobre-ensalada-c%E9sar.jpg,https:,,www.redlobster.com,images,default-source,images,special-menu,especial-del-almuerzo-langosta-sobre-ensalada-c%E9sar.jpg,especial-del-almuerzo-langosta-sobre-ensalada-c%E9sar.jpg,
https://www.redlobster.com/images/default-source/images/special-menu/especial-del-almuerzo-media-pizza-de-langosta-y-langostino.jpg,https:,,www.redlobster.com,images,default-source,images,special-menu,especial-del-almuerzo-media-pizza-de-langosta-y-langostino.jpg,especial-del-almuerzo-media-pizza-de-langosta-y-langostino.jpg,
https://www.redlobster.com/images/default-source/images/special-menu/especial-del-almuerzo-s%E1ndwich-de-langosta-con-papas-fritas.jpg,https:,,www.redlobster.com,images,default-source,images,special-menu,especial-del-almuerzo-s%E1ndwich-de-langosta-con-papas-fritas.jpg,especial-del-almuerzo-s%E1ndwich-de-langosta-con-papas-fritas.jpg,
https://www.redlobster.com/images/default-source/images/special-menu/half-lobster-and-langostino-pizzab6709fc52fd36f18be94ff4100d9e22d.jpg,https:,,www.redlobster.com,images,default-source,images,special-menu,half-lobster-and-langostino-pizzab6709fc52fd36f18be94ff4100d9e22d.jpg,half-lobster-and-langostino-pizzab6709fc52fd36f18be94ff4100d9e22d.jpg,
https://www.redlobster.com/images/default-source/images/special-menu/lobster-topped-caesar-salad.jpg,https:,,www.redlobster.com,images,default-source,images,special-menu,lobster-topped-caesar-salad.jpg,lobster-topped-caesar-salad.jpg,
https://www.redlobster.com/images/default-source/images/special-menu/lobsterfest/bananas-foster-cheesecake.png,https:,,www.redlobster.com,images,default-source,images,special-menu,lobsterfest,bananas-foster-cheesecake.png,
https://www.redlobster.com/images/default-source/images/special-menu/lobsterfest/lobster-lover-s-dream.png,https:,,www.redlobster.com,images,default-source,images,special-menu,lobsterfest,lobster-lover-s-dream.png,
https://www.redlobster.com/images/default-source/images/special-menu/lobsterfest/new!-chilled-lobster-and-shrimp-cocktail.png,https:,,www.redlobster.com,images,default-source,images,special-menu,lobsterfest,new!-chilled-lobster-and-shrimp-cocktail.png,
https://www.redlobster.com/images/default-source/images/special-menu/lobsterfest/new!-island-lobster-punch.png,https:,,www.redlobster.com,images,default-source,images,special-menu,lobsterfest,new!-island-lobster-punch.png,
https://www.redlobster.com/images/default-source/images/special-menu/lobsterfest/new!-lobster-mix-and-match.png,https:,,www.redlobster.com,images,default-source,images,special-menu,lobsterfest,new!-lobster-mix-and-match.png,
https://www.redlobster.com/images/default-source/images/special-menu/lobsterfest/new!-lobsterfest-fizz.png,https:,,www.redlobster.com,images,default-source,images,special-menu,lobsterfest,new!-lobsterfest-fizz.png,
https://www.redlobster.com/images/default-source/images/special-menu/lobsterfest/new!-lobsterfest-surf-turf.png,https:,,www.redlobster.com,images,default-source,images,special-menu,lobsterfest,new!-lobsterfest-surf-turf.png,
https://www.redlobster.com/images/default-source/images/special-menu/lobsterfest/new!-stuffed-tilapia-with-langostino-lobster.png,https:,,www.redlobster.com,images,default-source,images,special-menu,lobsterfest,new!-stuffed-tilapia-with-langostino-lobster.png,
https://www.redlobster.com/images/default-source/images/special-menu/lobsterfest/new!-wood-grilled-lobster-and-red-shrimp.png,https:,,www.redlobster.com,images,default-source,images,special-menu,lobsterfest,new!-wood-grilled-lobster-and-red-shrimp.png,
https://www.redlobster.com/images/default-source/images/special-menu/lobsterfest/roasted-carrots-and-butternut-squash-with-bourbon-brown-butter.png,https:,,www.redlobster.com,images,default-source,images,special-menu,lobsterfest,roasted-carrots-and-butternut-squash-with-bourbon-brown-butter.png,
https://www.redlobster.com/images/default-source/images/special-menu/lobsterfest/roasted-green-beans-with-mushrooms.png,https:,,www.redlobster.com,images,default-source,images,special-menu,lobsterfest,roasted-green-beans-with-mushrooms.png,
https://www.redlobster.com/images/default-source/images/special-menu/lobsterfest/roasted-maritime-lobster-bake.png,https:,,www.redlobster.com,images,default-source,images,special-menu,lobsterfest,roasted-maritime-lobster-bake.png,
https://www.redlobster.com/images/default-source/images/special-menu/lobsterfest/seafood-stuffed-mushrooms66219fc52fd36f18be94ff4100d9e22d.jpg,https:,,www.redlobster.com,images,default-source,images,special-menu,lobsterfest,seafood-stuffed-mushrooms66219fc52fd36f18be94ff4100d9e22d.jpg,
https://www.redlobster.com/images/default-source/images/special-menu/lobsterfest/seaport-lobster-and-shrimp.png,https:,,www.redlobster.com,images,default-source,images,special-menu,lobsterfest,seaport-lobster-and-shrimp.png,
https://www.redlobster.com/images/default-source/images/special-menu/lobsterfest/ultimate-feast7d159fc52fd36f18be94ff4100d9e22d.png,https:,,www.redlobster.com,images,default-source,images,special-menu,lobsterfest,ultimate-feast7d159fc52fd36f18be94ff4100d9e22d.png,
https://www.redlobster.com/images/default-source/images/special-menu/lobsterfest/wood-grilled-lobster-shrimp-and-salmon.png,https:,,www.redlobster.com,images,default-source,images,special-menu,lobsterfest,wood-grilled-lobster-shrimp-and-salmon.png,
https://www.redlobster.com/images/default-source/images/special-menu/lunch-special-lobster-roll-with-fries.jpg,https:,,www.redlobster.com,images,default-source,images,special-menu,,lunch-special-lobster-roll-with-fries.jpg,
https://www.redlobster.com/ResourcePackages/RedLobster/assets/dist/images/browser_icon_chrome.png,https:,,www.redlobster.com,ResourcePackages,RedLobster,assets,dist,images,browser_icon_chrome.png,
https://www.redlobster.com/ResourcePackages/RedLobster/assets/dist/images/browser_icon_firefox.png,https:,,www.redlobster.com,ResourcePackages,RedLobster,assets,dist,images,browser_icon_firefox.png,
https://www.redlobster.com/ResourcePackages/RedLobster/assets/dist/images/browser_icon_ie.png,https:,,www.redlobster.com,ResourcePackages,RedLobster,assets,dist,images,browser_icon_ie.png,
https://www.redlobster.com/ResourcePackages/RedLobster/assets/dist/images/browser_icon_safari.png,https:,,www.redlobster.com,ResourcePackages,RedLobster,assets,dist,images,browser_icon_safari.png,
https://www.redlobster.com/ResourcePackages/RedLobster/assets/dist/images/Crabfest_hero.jpg,https:,,www.redlobster.com,ResourcePackages,RedLobster,assets,dist,images,Crabfest_hero.jpg,
https://www.redlobster.com/ResourcePackages/RedLobster/assets/dist/images/deadliest-catch-video-poster.jpg,https:,,www.redlobster.com,ResourcePackages,RedLobster,assets,dist,images,deadliest-catch-video-poster.jpg,
https://www.redlobster.com/ResourcePackages/RedLobster/assets/dist/images/gc-desktop-left.png,https:,,www.redlobster.com,ResourcePackages,RedLobster,assets,dist,images,gc-desktop-left.png,
https://www.redlobster.com/ResourcePackages/RedLobster/assets/dist/images/gc-desktop-right.png,https:,,www.redlobster.com,ResourcePackages,RedLobster,assets,dist,images,gc-desktop-right.png,
https://www.redlobster.com/ResourcePackages/RedLobster/assets/dist/images/HowItsCaught.jpg,https:,,www.redlobster.com,ResourcePackages,RedLobster,assets,dist,images,HowItsCaught.jpg,
https://www.redlobster.com/ResourcePackages/RedLobster/assets/dist/images/Hub_WhatWeServe_BG.jpg,https:,,www.redlobster.com,ResourcePackages,RedLobster,assets,dist,images,Hub_WhatWeServe_BG.jpg,
https://www.redlobster.com/ResourcePackages/RedLobster/assets/dist/images/logo.png,https:,,www.redlobster.com,ResourcePackages,RedLobster,assets,dist,images,logo.png,
https://www.redlobster.com/ResourcePackages/RedLobster/assets/dist/images/main-area-bg.jpg,https:,,www.redlobster.com,ResourcePackages,RedLobster,assets,dist,images,main-area-bg.jpg,
https://www.redlobster.com/ResourcePackages/RedLobster/assets/dist/images/MilitaryMonday_bg.jpg,https:,,www.redlobster.com,ResourcePackages,RedLobster,assets,dist,images,MilitaryMonday_bg.jpg,
https://www.redlobster.com/ResourcePackages/RedLobster/assets/dist/images/rl_desktop_menu_detail-addmeal.jpg,https:,,www.redlobster.com,ResourcePackages,RedLobster,assets,dist,images,rl_desktop_menu_detail-addmeal.jpg,
https://www.redlobster.com/ResourcePackages/RedLobster/assets/dist/images/rl_desktop_menu_detail-addside.jpg,https:,,www.redlobster.com,ResourcePackages,RedLobster,assets,dist,images,rl_desktop_menu_detail-addside.jpg,
https://www.redlobster.com/ResourcePackages/RedLobster/assets/dist/images/rl_desktop_our_story.jpg,https:,,www.redlobster.com,ResourcePackages,RedLobster,assets,dist,images,rl_desktop_our_story.jpg,
https://www.redlobster.com/ResourcePackages/RedLobster/assets/dist/images/rl_desktop_seafood_standards-bg.jpg,https:,,www.redlobster.com,ResourcePackages,RedLobster,assets,dist,images,rl_desktop_seafood_standards-bg.jpg,
https://www.redlobster.com/ResourcePackages/RedLobster/assets/dist/images/silhouette-crab.png,https:,,www.redlobster.com,ResourcePackages,RedLobster,assets,dist,images,silhouette-crab.png,
https://www.redlobster.com/ResourcePackages/RedLobster/assets/dist/images/silhouette-lobster.png,https:,,www.redlobster.com,ResourcePackages,RedLobster,assets,dist,images,silhouette-lobster.png,
https://www.redlobster.com/ResourcePackages/RedLobster/assets/dist/images/social-share-sprite.png,https:,,www.redlobster.com,ResourcePackages,RedLobster,assets,dist,images,social-share-sprite.png,
https://www.redlobster.com/ResourcePackages/RedLobster/assets/dist/images/what-you-could-win.jpg,https:,,www.redlobster.com,ResourcePackages,RedLobster,assets,dist,images,what-you-could-win.jpg,